,Job,Create,Start
0,a01,2023-10-06 13:12:39,2023-10-06 13:13:45
1,a02,2023-10-06 13:07:11,2023-10-06 13:07:11
2,a03,2023-10-06 14:02:58,2023-10-06 14:08:32
3,a04,2023-10-06 13:24:14,2023-10-06 13:29:46
4,b01,2023-10-06 13:40:49,2023-10-06 13:40:49
5,b02,2023-10-06 13:17:59,2023-10-06 13:19:02
6,b03,2023-10-06 13:51:57,2023-10-06 13:57:30
7,b04,2023-10-06 13:08:21,2023-10-06 13:08:21
8,c01,2023-10-06 13:46:14,2023-10-06 13:46:38
9,c02,2023-10-06 13:09:27,2023-10-06 13:09:27
10,c03,2023-10-06 13:13:47,2023-10-06 13:14:50
11,c04,2023-10-06 13:10:21,2023-10-06 13:12:38
12,d01,2023-10-06 13:35:16,2023-10-06 13:40:49
13,d02,2023-10-06 13:40:50,2023-10-06 13:46:13
14,d03,2023-10-06 13:29:47,2023-10-06 13:29:47
15,d04,2023-10-06 13:14:50,2023-10-06 13:17:58
16,e01,2023-10-06 13:57:30,2023-10-06 14:02:57
17,e02,2023-10-06 13:46:39,2023-10-06 13:51:56
18,e03,2023-10-06 13:19:02,2023-10-06 13:24:13
19,e04,2023-10-06 13:29:47,2023-10-06 13:35:15
