Job,Create,Start,Offset,Sleep,Real Start,Real Wait
a02,2023-10-06 13:07:11,2023-10-06 13:07:11,0 days 00:00:00,0,2023-10-06 13:07:11,0.0
b04,2023-10-06 13:08:21,2023-10-06 13:08:21,0 days 00:01:10,70,2023-10-06 13:08:21,0.0
c02,2023-10-06 13:09:27,2023-10-06 13:09:27,0 days 00:02:16,66,2023-10-06 13:09:27,0.0
c04,2023-10-06 13:10:21,2023-10-06 13:12:38,0 days 00:03:10,54,2023-10-06 13:10:21,137.0
a01,2023-10-06 13:12:39,2023-10-06 13:13:45,0 days 00:04:15,65,2023-10-06 13:11:26,139.0
c03,2023-10-06 13:13:47,2023-10-06 13:14:50,0 days 00:05:04,49,2023-10-06 13:12:15,155.0
d04,2023-10-06 13:14:50,2023-10-06 13:17:58,0 days 00:05:54,50,2023-10-06 13:13:05,293.0
b02,2023-10-06 13:17:59,2023-10-06 13:19:02,0 days 00:07:06,72,2023-10-06 13:14:17,285.0
e03,2023-10-06 13:19:02,2023-10-06 13:24:13,0 days 00:08:00,54,2023-10-06 13:15:11,542.0
a04,2023-10-06 13:24:14,2023-10-06 13:29:46,0 days 00:08:59,59,2023-10-06 13:16:10,816.0
d03,2023-10-06 13:29:47,2023-10-06 13:29:47,0 days 00:09:52,53,2023-10-06 13:17:03,764.0
e04,2023-10-06 13:29:47,2023-10-06 13:35:15,0 days 00:10:52,60,2023-10-06 13:18:03,1032.0
d01,2023-10-06 13:35:16,2023-10-06 13:40:49,0 days 00:11:59,67,2023-10-06 13:19:10,1299.0
b01,2023-10-06 13:40:49,2023-10-06 13:40:49,0 days 00:13:06,67,2023-10-06 13:20:17,1232.0
d02,2023-10-06 13:40:50,2023-10-06 13:46:13,0 days 00:14:05,59,2023-10-06 13:21:16,1497.0
c01,2023-10-06 13:46:14,2023-10-06 13:46:38,0 days 00:15:20,75,2023-10-06 13:22:31,1447.0
e02,2023-10-06 13:46:39,2023-10-06 13:51:56,0 days 00:16:21,61,2023-10-06 13:23:32,1704.0
b03,2023-10-06 13:51:57,2023-10-06 13:57:30,0 days 00:17:17,56,2023-10-06 13:24:28,1982.0
e01,2023-10-06 13:57:30,2023-10-06 14:02:57,0 days 00:18:14,57,2023-10-06 13:25:25,2252.0
a03,2023-10-06 14:02:58,2023-10-06 14:08:32,0 days 00:18:58,44,2023-10-06 13:26:09,2543.0
